ID,Type,SKU,Name,Published,"Is featured?","Visibility in catalog","Short description",Description,"Date sale price starts","Date sale price ends","Tax status","Tax class","In stock?",Stock,"Low stock amount","Backorders allowed?","Sold individually?","Weight (oz)","Length (in)","Width (in)","Height (in)","Allow customer reviews?","Purchase note","Sale price","Regular price",Categories,Tags,"Shipping class",Images,"Download limit","Download expiry days",Parent,"Grouped products",Upsells,Cross-sells,"External URL","Button text",Position,"Meta: _et_pb_post_hide_nav","Meta: _et_pb_page_layout","Meta: _et_pb_side_nav","Meta: _et_pb_use_builder","Meta: _et_pb_first_image","Meta: _et_pb_truncate_post","Meta: _et_pb_truncate_post_date","Meta: _et_pb_product_page_layout","Meta: _et_pb_old_content","Meta: _et_pb_built_for_post_type","Meta: _et_pb_ab_subjects","Meta: _et_pb_enable_shortcode_tracking","Meta: _et_pb_ab_current_shortcode","Meta: _et_pb_custom_css","Meta: _et_pb_gutter_width","Meta: _et_builder_version","Meta: _et_pb_show_page_creation","Meta: _et_pb_woo_page_content_status"
5316,simple,,"8pc Ratchet Combination Wrench Set",1,0,visible,"<ul>\n 	<li>Place of Origin: China</li>\n 	<li>Model Number: 192194</li>\n 	<li>Brand Name: FINDER</li>\n 	<li>Material: High Carbon Steel, High Carbon Steel</li>\n 	<li>Size: 8pc-8,10,12,14,15,16,17,19mm</li>\n 	<li>Includes plastic holder for storage.</li>\n</ul>","[et_pb_section fb_built=""1"" _builder_version=""3.22"" custom_padding=""0px||||false|false""][et_pb_row _builder_version=""3.25"" background_size=""initial"" background_position=""top_left"" background_repeat=""repeat"" width=""100%"" custom_padding=""0px||0px||false|false""][et_pb_column type=""4_4"" _builder_version=""3.25"" custom_padding=""|||"" custom_padding__hover=""|||""][et_pb_wc_cart_notice _builder_version=""4.0.9"" background_color=""#8CCAFE"" custom_button=""on"" button_text_color=""#8CCAFE""][/et_pb_wc_cart_notice][et_pb_wc_breadcrumb _builder_version=""4.0.9"" body_text_color=""#8CCAFE""][/et_pb_wc_breadcrumb][et_pb_wc_title _builder_version=""3.0.47""][/et_pb_wc_title][/et_pb_column][/et_pb_row][et_pb_row column_structure=""1_3,2_3"" _builder_version=""3.25"" background_size=""initial"" background_position=""top_left"" background_repeat=""repeat"" width=""100%"" custom_padding=""0px||||false|false""][et_pb_column type=""1_3"" _builder_version=""3.25"" custom_padding=""|||"" custom_padding__hover=""|||""][et_pb_wc_additional_info show_title=""off"" _builder_version=""4.0.9""][/et_pb_wc_additional_info][et_pb_wc_rating _builder_version=""3.0.47""][/et_pb_wc_rating][et_pb_wc_price _builder_version=""4.0.9"" body_text_color=""#8CCAFE""][/et_pb_wc_price][et_pb_wc_description _builder_version=""3.0.47""][/et_pb_wc_description][et_pb_wc_add_to_cart show_quantity=""off"" _builder_version=""4.0.9"" fields_background_color=""rgba(0,0,0,0.18)"" fields_text_color=""#ffffff"" fields_focus_background_color=""rgba(0,0,0,0.18)"" fields_focus_text_color=""#000000"" custom_button=""on"" button_text_color=""#8CCAFE"" button_bg_color=""#ffffff"" button_border_color=""#8CCAFE"" button_custom_padding=""5%|20%|5%|20%|true|true"" button_custom_padding_tablet=""2%|5%|2%|5%|true|true"" button_custom_padding_phone="""" button_custom_padding_last_edited=""on|phone"" custom_margin=""||||false|false"" custom_margin_tablet="""" custom_margin_phone="""" custom_margin_last_edited=""on|desktop"" custom_padding=""||||false|false"" border_color_all_fields=""rgba(0,0,0,0)""][/et_pb_wc_add_to_cart][/et_pb_column][et_pb_column type=""2_3"" _builder_version=""3.25"" custom_padding=""|||"" custom_padding__hover=""|||""][et_pb_wc_images show_product_gallery=""off"" _builder_version=""4.0.9""][/et_pb_wc_images][/et_pb_column][/et_pb_row][et_pb_row _builder_version=""4.0.9"" custom_padding=""13px||||false|false"" custom_margin=""||||false|false"" width=""100%"" module_alignment=""center"" hover_enabled=""0""][et_pb_column _builder_version=""4.0.9"" type=""4_4""][et_pb_wc_gallery _builder_version=""4.0.9"" fullwidth=""off"" show_title_and_caption=""off"" show_pagination=""off"" hover_enabled=""0""][/et_pb_wc_gallery][/et_pb_column][/et_pb_row][et_pb_row _builder_version=""3.25"" background_size=""initial"" background_position=""top_left"" background_repeat=""repeat"" width=""100%"" custom_margin=""21px|auto||auto||""][et_pb_column type=""4_4"" _builder_version=""3.25"" custom_padding=""|||"" custom_padding__hover=""|||""][et_pb_wc_tabs _builder_version=""4.0.9"" background_enable_color=""off""]					[/et_pb_wc_tabs][et_pb_text _builder_version=""4.0.9"" custom_margin=""17px|||||"" custom_padding=""14px|||||""]<h1>Similar Items</h1>[/et_pb_text][et_pb_wc_related_products _builder_version=""4.0.9""][/et_pb_wc_related_products][et_pb_wc_upsells _builder_version=""3.0.47""][/et_pb_wc_upsells][et_pb_wc_related_products orderby=""date"" _builder_version=""4.0.9""][/et_pb_wc_related_products][/et_pb_column][/et_pb_row][/et_pb_section]",,,taxable,,1,,,0,0,,,,,1,,,30.00,"Tools, Tools > Wrenches",,,"http://upawndirect.slmodd.com/wp-content/uploads/2019/12/8pc-Chrome-Ratchet-Combination-Wrench-image-1.jpg, http://upawndirect.slmodd.com/wp-content/uploads/2019/12/8pc-Chrome-Ratchet-Combination-Wrench-image-2.jpg, http://upawndirect.slmodd.com/wp-content/uploads/2019/12/8pc-Chrome-Ratchet-Combination-Wrench-image-7.jpg, http://upawndirect.slmodd.com/wp-content/uploads/2019/12/8pc-Chrome-Ratchet-Combination-Wrench-image-6.jpg, http://upawndirect.slmodd.com/wp-content/uploads/2019/12/8pc-Chrome-Ratchet-Combination-Wrench-image-5.jpg, http://upawndirect.slmodd.com/wp-content/uploads/2019/12/8pc-Chrome-Ratchet-Combination-Wrench-image-4.jpg, http://upawndirect.slmodd.com/wp-content/uploads/2019/12/8pc-Chrome-Ratchet-Combination-Wrench-image-3.jpg",,,,,,,,,0,default,et_left_sidebar,off,on,,,,et_build_from_scratch,"Built to deliver just the torque you need where you need it, the full polish ratcheting wrench set is designed with a rugged build, fast turning ratcheting box end and easy-to-clean smooth polished finish. A shop essential, this set delivers the quick grabbing action of an open-ended wrench combined with the continuous contact of a ratchet for just the right grip. Whether you’re reaching deep into the guts of an engine, crammed into the space below a sink or driving lags tight on a sunny deck, this set helps you get the job done.",page,,,"[et_pb_split_track id=""5316"" /]",,3,VB|Divi|4.0.9,off,modified
5370,simple,,"3pcs CRV Folding key wrench set",1,0,visible,"<ul>\n 	<li>Place of Origin: China</li>\n 	<li>Model Number:</li>\n 	<li>Brand Name: FINDER</li>\n 	<li>SAE: 5/64'';3/32'',7/64'';1/8'';9/64''.5/32''.3/16''.7/32''.1/4''.</li>\n 	<li>Metric:1.5/2/2.5/3/4/5/6/8mm</li>\n 	<li>T10/T15/T20/T25/T27/T30/T40/T45/T50</li>\n</ul>","[et_pb_section fb_built=""1"" _builder_version=""3.22"" custom_padding=""0px||||false|false""][et_pb_row _builder_version=""3.25"" background_size=""initial"" background_position=""top_left"" background_repeat=""repeat"" width=""100%"" custom_padding=""0px||0px||false|false""][et_pb_column type=""4_4"" _builder_version=""3.25"" custom_padding=""|||"" custom_padding__hover=""|||""][et_pb_wc_cart_notice _builder_version=""4.0.9"" background_color=""#8CCAFE"" custom_button=""on"" button_text_color=""#8CCAFE""][/et_pb_wc_cart_notice][et_pb_wc_breadcrumb _builder_version=""4.0.9"" body_text_color=""#8CCAFE""][/et_pb_wc_breadcrumb][et_pb_wc_title _builder_version=""3.0.47""][/et_pb_wc_title][/et_pb_column][/et_pb_row][et_pb_row column_structure=""1_3,2_3"" _builder_version=""3.25"" background_size=""initial"" background_position=""top_left"" background_repeat=""repeat"" width=""100%"" custom_padding=""0px||||false|false""][et_pb_column type=""1_3"" _builder_version=""3.25"" custom_padding=""|||"" custom_padding__hover=""|||""][et_pb_wc_additional_info show_title=""off"" _builder_version=""4.0.9""][/et_pb_wc_additional_info][et_pb_wc_rating _builder_version=""3.0.47""][/et_pb_wc_rating][et_pb_wc_price _builder_version=""4.0.9"" body_text_color=""#8CCAFE""][/et_pb_wc_price][et_pb_wc_description _builder_version=""3.0.47""][/et_pb_wc_description][et_pb_wc_add_to_cart show_quantity=""off"" _builder_version=""4.0.9"" fields_background_color=""rgba(0,0,0,0.18)"" fields_text_color=""#ffffff"" fields_focus_background_color=""rgba(0,0,0,0.18)"" fields_focus_text_color=""#000000"" custom_button=""on"" button_text_color=""#8CCAFE"" button_bg_color=""#ffffff"" button_border_color=""#8CCAFE"" button_custom_padding=""5%|20%|5%|20%|true|true"" button_custom_padding_tablet=""2%|5%|2%|5%|true|true"" button_custom_padding_phone="""" button_custom_padding_last_edited=""on|phone"" custom_margin=""||||false|false"" custom_margin_tablet="""" custom_margin_phone="""" custom_margin_last_edited=""on|desktop"" custom_padding=""||||false|false"" border_color_all_fields=""rgba(0,0,0,0)""][/et_pb_wc_add_to_cart][/et_pb_column][et_pb_column type=""2_3"" _builder_version=""3.25"" custom_padding=""|||"" custom_padding__hover=""|||""][et_pb_wc_images show_product_gallery=""off"" _builder_version=""4.0.9""][/et_pb_wc_images][/et_pb_column][/et_pb_row][et_pb_row _builder_version=""4.0.9"" width=""100%"" module_alignment=""center"" custom_margin=""||||false|false"" custom_padding=""13px||||false|false""][et_pb_column type=""4_4"" _builder_version=""4.0.9""][et_pb_wc_gallery fullwidth=""off"" show_title_and_caption=""off"" show_pagination=""off"" _builder_version=""4.0.9""][/et_pb_wc_gallery][/et_pb_column][/et_pb_row][et_pb_row _builder_version=""3.25"" background_size=""initial"" background_position=""top_left"" background_repeat=""repeat"" width=""100%"" custom_margin=""21px|auto||auto||""][et_pb_column type=""4_4"" _builder_version=""3.25"" custom_padding=""|||"" custom_padding__hover=""|||""][et_pb_wc_tabs _builder_version=""4.0.9"" background_enable_color=""off""]					[/et_pb_wc_tabs][et_pb_wc_related_products _builder_version=""4.0.9""][/et_pb_wc_related_products][et_pb_wc_upsells _builder_version=""3.0.47""][/et_pb_wc_upsells][/et_pb_column][/et_pb_row][/et_pb_section]",,,taxable,,1,,,0,0,,,,,1,,,5.00,"Tools, Tools > Wrenches",,,"http://upawndirect.slmodd.com/wp-content/uploads/2019/12/3pcs-Folding-key-wrenchset-image-1.jpg, http://upawndirect.slmodd.com/wp-content/uploads/2019/12/3pcs-Folding-key-wrenchset-image-2.jpg, http://upawndirect.slmodd.com/wp-content/uploads/2019/12/3pcs-Folding-key-wrenchset-image-6.jpg, http://upawndirect.slmodd.com/wp-content/uploads/2019/12/3pcs-Folding-key-wrenchset-image-5.jpg, http://upawndirect.slmodd.com/wp-content/uploads/2019/12/3pcs-Folding-key-wrenchset-image-4.jpg, http://upawndirect.slmodd.com/wp-content/uploads/2019/12/3pcs-Folding-key-wrenchset-image-3.jpg",,,,,,,,,0,default,et_left_sidebar,off,on,,,,et_build_from_scratch,"These compact hex key sets handle SAE, metric and star fasteners. Chrome vanadium steel with a black oxide finish to resist rust. The hex key set folds compactly to fit in your pocket.
Chrome vanadium steel construction
Rubberized comfort grip
Color-coded handles for easy identification
Chrome vanadium steel construction
Rubberized comfort grip
Color-coded handles for easy identification",page,,,"[et_pb_split_track id=""5370"" /]",,3,VB|Divi|4.0.9,off,modified
5421,simple,,"JDM Silicone Hose Kit Subaru GGB/GDB Version 7 8 9 STI",1,0,visible,"<ul>\n 	<li><strong>Place of Origin:</strong> Hebei, China</li>\n 	<li><strong>Brand</strong>: YJX</li>\n 	<li><strong>Material</strong>: Silicone</li>\n 	<li><strong>Color</strong>: Black Red Blue</li>\n 	<li><strong>Reinforcement</strong>: 3-6 Ply Polyester Reinforced</li>\n 	<li><strong>Certification</strong>: ISO9001/TS16949</li>\n 	<li><strong>Feature</strong>: Anti-aging/High Temperature Resistance</li>\n 	<li><strong>Wall Thickness:</strong> 2~7mm</li>\n 	<li><strong>Hardness</strong>: 20~90 Shore</li>\n 	<li><strong>Application</strong>: Radiator Intercooler</li>\n 	<li><strong>Model Number:</strong> 192194</li>\n</ul>","[et_pb_section fb_built=""1"" _builder_version=""3.22"" custom_padding=""0px||||false|false""][et_pb_row _builder_version=""3.25"" background_size=""initial"" background_position=""top_left"" background_repeat=""repeat"" width=""100%"" custom_padding=""0px||0px||false|false""][et_pb_column type=""4_4"" _builder_version=""3.25"" custom_padding=""|||"" custom_padding__hover=""|||""][et_pb_wc_breadcrumb _builder_version=""3.0.47""][/et_pb_wc_breadcrumb][et_pb_wc_cart_notice _builder_version=""3.0.47""][/et_pb_wc_cart_notice][/et_pb_column][/et_pb_row][et_pb_row column_structure=""1_2,1_2"" _builder_version=""3.25"" background_size=""initial"" background_position=""top_left"" background_repeat=""repeat"" width=""100%"" custom_padding=""0px||||false|false""][et_pb_column type=""1_2"" _builder_version=""3.25"" custom_padding=""|||"" custom_padding__hover=""|||""][et_pb_wc_title _builder_version=""3.0.47""][/et_pb_wc_title][et_pb_wc_description _builder_version=""3.0.47""][/et_pb_wc_description][et_pb_wc_price _builder_version=""3.0.47""][/et_pb_wc_price][et_pb_wc_add_to_cart _builder_version=""3.0.47""][/et_pb_wc_add_to_cart][/et_pb_column][et_pb_column type=""1_2"" _builder_version=""3.25"" custom_padding=""|||"" custom_padding__hover=""|||""][et_pb_wc_images _builder_version=""4.0.9""][/et_pb_wc_images][et_pb_wc_rating _builder_version=""3.0.47""][/et_pb_wc_rating][et_pb_wc_meta _builder_version=""3.0.47""][/et_pb_wc_meta][/et_pb_column][/et_pb_row][et_pb_row _builder_version=""3.25"" background_size=""initial"" background_position=""top_left"" background_repeat=""repeat"" width=""100%""][et_pb_column type=""4_4"" _builder_version=""3.25"" custom_padding=""|||"" custom_padding__hover=""|||""][et_pb_wc_tabs _builder_version=""3.0.47""]					[/et_pb_wc_tabs][et_pb_wc_upsells _builder_version=""3.0.47""][/et_pb_wc_upsells][et_pb_wc_related_products _builder_version=""3.0.47""][/et_pb_wc_related_products][/et_pb_column][/et_pb_row][/et_pb_section]",,,taxable,,1,,,0,0,,,,,1,,,40.00,"PowerSports and Performance Auto > JDM Import, PowerSports and Performance Auto, PowerSports and Performance Auto > Silicone Hoses, PowerSports and Performance Auto > Subaru > WRX/STI > STI-Ver-7-JDM, PowerSports and Performance Auto > Subaru > WRX/STI > STI-Ver-8-JDM, PowerSports and Performance Auto > Subaru > WRX/STI > STI-Ver-9-JDM, PowerSports and Performance Auto > Subaru, PowerSports and Performance Auto > Subaru > WRX/STI",,,http://upawndirect.slmodd.com/wp-content/uploads/2020/01/Silicone-Radiator-Hose-kit-for-Subaru.jpg,,,,,,,,,0,default,et_left_sidebar,off,on,,,,et_build_from_scratch,"YJX silicone hose kit connect the turbocharger outlet to the charge cooler inlet and the charge cooler to the engine manifold. Increases the power available from a given engine displacement and also forms a major part of engine control strategy aimed at meeting stringent exhaust gas emission regulations.

For superior connection between engine mounted charge air system components, YJX Silicone Hose is also ideal for handling slight misalignments and isolating vibration between hose ends.

YJX Silicone Hoses are constructed with reinforced Aramid and are used by professionals in industries such as high performance racing vehicles, commercial truck and bus, Marine, agricultural and off highway vehicles, turbo diesel, and general manufacturing industries.",page,,,"[et_pb_split_track id=""5421"" /]",,3,VB|Divi|4.0.9,off,modified
5510,simple,,"FMIC Intercooler kit for Subaru WRX / STI / Impreza GC8 95-00",1,0,visible,"<ul>\n 	<li>Place of Origin: Shanghai, China</li>\n 	<li>Brand Name: WSRacing</li>\n 	<li>Warranty: 12 Months</li>\n 	<li>Type: intercooler/ piping kit</li>\n 	<li>Material: Aluminum</li>\n 	<li>Size: OEM Standard Size</li>\n 	<li>Application: Subaru WRX / STI / Impreza GC8 95-00\n<ul>\n 	<li> GC8, 2.0L, 2.0, Turbo, Turbocharged, Turbocharger, EJ20, EJ20T, EJ20G, EJ20K, EJ207, Impreza WRX, Fits: JDM Subaru Impreza / STi Models, 1995, 1996, 1997, 1998, 1999, 2000 GC8 Chassis WRX</li>\n</ul>\n</li>\n</ul>","[et_pb_section fb_built=""1"" _builder_version=""3.22"" custom_padding=""0px||||false|false""][et_pb_row _builder_version=""3.25"" background_size=""initial"" background_position=""top_left"" background_repeat=""repeat"" width=""100%"" custom_padding=""0px||0px||false|false""][et_pb_column type=""4_4"" _builder_version=""3.25"" custom_padding=""|||"" custom_padding__hover=""|||""][et_pb_wc_breadcrumb _builder_version=""3.0.47""][/et_pb_wc_breadcrumb][et_pb_wc_cart_notice _builder_version=""3.0.47""][/et_pb_wc_cart_notice][/et_pb_column][/et_pb_row][et_pb_row column_structure=""1_2,1_2"" _builder_version=""3.25"" background_size=""initial"" background_position=""top_left"" background_repeat=""repeat"" width=""100%"" custom_padding=""0px||||false|false""][et_pb_column type=""1_2"" _builder_version=""3.25"" custom_padding=""|||"" custom_padding__hover=""|||""][et_pb_wc_title _builder_version=""3.0.47""][/et_pb_wc_title][et_pb_wc_description _builder_version=""3.0.47""][/et_pb_wc_description][et_pb_wc_price _builder_version=""3.0.47""][/et_pb_wc_price][et_pb_wc_add_to_cart _builder_version=""3.0.47""][/et_pb_wc_add_to_cart][/et_pb_column][et_pb_column type=""1_2"" _builder_version=""3.25"" custom_padding=""|||"" custom_padding__hover=""|||""][et_pb_wc_images _builder_version=""3.0.47""][/et_pb_wc_images][et_pb_wc_rating _builder_version=""3.0.47""][/et_pb_wc_rating][et_pb_wc_meta _builder_version=""3.0.47""][/et_pb_wc_meta][/et_pb_column][/et_pb_row][et_pb_row _builder_version=""3.25"" background_size=""initial"" background_position=""top_left"" background_repeat=""repeat"" width=""100%""][et_pb_column type=""4_4"" _builder_version=""3.25"" custom_padding=""|||"" custom_padding__hover=""|||""][et_pb_wc_tabs _builder_version=""3.0.47""]					[/et_pb_wc_tabs][et_pb_wc_upsells _builder_version=""3.0.47""][/et_pb_wc_upsells][et_pb_wc_related_products _builder_version=""3.0.47""][/et_pb_wc_related_products][/et_pb_column][/et_pb_row][/et_pb_section]",,,taxable,,1,,,0,0,,,,,1,,200,250,"PowerSports and Performance Auto > Front Mount Intercoolers, PowerSports and Performance Auto > Subaru > Intercoolers, PowerSports and Performance Auto > JDM Import, PowerSports and Performance Auto, PowerSports and Performance Auto > Subaru, Vehicle Parts and Accessories, PowerSports and Performance Auto > Subaru > WRX/STI",,,"http://upawndirect.slmodd.com/wp-content/uploads/2020/01/fmic-intercooler-kit-Subaru-WRX-00-image-2-min.jpg, http://upawndirect.slmodd.com/wp-content/uploads/2020/01/fmic-intercooler-kit-Subaru-WRX-00-image-1-min.jpg, http://upawndirect.slmodd.com/wp-content/uploads/2020/01/fmic-intercooler-kit-Subaru-WRX-00-image-3-details-min.png",,,,,,,,,0,default,et_left_sidebar,off,on,,,,et_build_from_scratch,"The kits including: intercooler+ piping kit + slicone hose + clamps.

Intercooler Specs:

Over all size: 31"" X 13"" X 3""

Core Size 23.5"" X 11.5"" X 2.75""

3"" Inlet and Outlet

Made of high quality T6061 aluminum material

Tested to withstand more then 80PSI Pressure

150-350 Degree Temperature Drop

Intercooler Piping Kit:

3 x Aluminum Pipings 2.5""

1 X Aluminum Piping 2""

2 x 3"" to 2.5"" Silicone Reducers

2 X 2.5"" Silicones

2 X 2"" Silicones

12 Pieces stainless steel T-bolt clamps

Mounting Brackets / Hardware Bolts

&nbsp;

<img class=""alignnone"" src=""https://sc01.alicdn.com/kf/HTB1mcyjboRIWKJjSZFg762oxXXaO/27575/HTB1mcyjboRIWKJjSZFg762oxXXaO.png_.webp"" width=""692"" height=""441"" />

<img class=""alignnone"" src=""https://sc01.alicdn.com/kf/HTB1aTaHlDnI8KJjSszbq6z4KFXaH.jpg"" width=""500"" height=""500"" />",page,,,"[et_pb_split_track id=""5510"" /]",,3,VB|Divi|4.0.9,off,modified
5519,simple,,"VOOPOO VINCI 40W 1500mAh VW Mod Pod kit (Amazing Designs)",1,0,visible,"<ul>\n 	<li>Place of Origin: Guangdong, China</li>\n 	<li>Size:: 104.0 x 25.3 x 25.3mm</li>\n 	<li>Output Voltage:: 3.2-4.2V</li>\n 	<li>Colors:: Carbon Fiber, Opal, Space Gray, Ink, Aurora, Scarlet, Dazzling Green</li>\n 	<li>Coil:: PnP 0.3ohm; PnP 0.8ohm</li>\n 	<li>Material:: Zinc Alloy + PCTG\n<ul>\n 	<li>1500mAh built-in big power battery</li>\n 	<li>5.5ml E-juice capacity</li>\n 	<li>A new generation of GENE.AI chip</li>\n 	<li>0.96"" TFT color screen to display the vaping data</li>\n 	<li>PUFF curve will records vaping habits for 2 weeks</li>\n 	<li>Compatible with E-liquid and nic-salt vaping</li>\n 	<li>Adjustable output power: 5-40W</li>\n</ul>\n</li>\n</ul>","[et_pb_section fb_built=""1"" _builder_version=""3.22"" custom_padding=""0px||||false|false""][et_pb_row _builder_version=""3.25"" background_size=""initial"" background_position=""top_left"" background_repeat=""repeat"" width=""100%"" custom_padding=""0px||0px||false|false""][et_pb_column type=""4_4"" _builder_version=""3.25"" custom_padding=""|||"" custom_padding__hover=""|||""][et_pb_wc_breadcrumb _builder_version=""3.0.47""][/et_pb_wc_breadcrumb][et_pb_wc_cart_notice _builder_version=""4.0.11"" background_color=""#3A448C""][/et_pb_wc_cart_notice][/et_pb_column][/et_pb_row][et_pb_row column_structure=""1_2,1_2"" _builder_version=""3.25"" background_size=""initial"" background_position=""top_left"" background_repeat=""repeat"" width=""100%"" custom_padding=""0px||||false|false""][et_pb_column type=""1_2"" _builder_version=""3.25"" custom_padding=""|||"" custom_padding__hover=""|||""][et_pb_wc_title _builder_version=""3.0.47""][/et_pb_wc_title][et_pb_wc_description _builder_version=""3.0.47""][/et_pb_wc_description][et_pb_wc_price _builder_version=""4.0.11"" sale_price_text_color=""#3A448C""][/et_pb_wc_price][et_pb_wc_add_to_cart _builder_version=""4.0.11"" custom_button=""on"" button_text_color=""#3A448C"" button_border_color=""#3A448C""][/et_pb_wc_add_to_cart][/et_pb_column][et_pb_column type=""1_2"" _builder_version=""3.25"" custom_padding=""|||"" custom_padding__hover=""|||""][et_pb_wc_images sale_badge_color=""#202c8c"" _builder_version=""4.0.11""][/et_pb_wc_images][et_pb_wc_rating _builder_version=""3.0.47""][/et_pb_wc_rating][et_pb_wc_meta _builder_version=""3.0.47""][/et_pb_wc_meta][/et_pb_column][/et_pb_row][et_pb_row column_structure=""1_2,1_2"" _builder_version=""4.0.11"" width=""100%"" custom_margin=""|-5%||-5%|false|true"" custom_margin_tablet=""|0%||0%|false|true"" custom_margin_phone="""" custom_margin_last_edited=""on|desktop"" custom_padding=""|||0px|false|false""][et_pb_column type=""1_2"" _builder_version=""4.0.11""][et_pb_gallery gallery_ids=""5522"" fullwidth=""on"" _builder_version=""4.0.11""][/et_pb_gallery][et_pb_gallery gallery_ids=""5524"" fullwidth=""on"" _builder_version=""4.0.11""][/et_pb_gallery][/et_pb_column][et_pb_column type=""1_2"" _builder_version=""4.0.11""][et_pb_gallery gallery_ids=""5521"" fullwidth=""on"" _builder_version=""4.0.11"" custom_padding=""15%||||false|false"" custom_padding_tablet=""0%||||false|false"" custom_padding_phone="""" custom_padding_last_edited=""on|desktop""][/et_pb_gallery][/et_pb_column][/et_pb_row][et_pb_row _builder_version=""4.0.11"" width=""100%""][et_pb_column type=""4_4"" _builder_version=""4.0.11""][et_pb_gallery gallery_ids=""5525"" fullwidth=""on"" _builder_version=""4.0.11""][/et_pb_gallery][/et_pb_column][/et_pb_row][/et_pb_section]",,,taxable,,1,,,0,0,,,,,1,,30.00,54.00,Other,,,"http://upawndirect.slmodd.com/wp-content/uploads/2020/01/VOOPOO-VINCI-40W-1500mAh-VW-Mod-image-1.jpg, http://upawndirect.slmodd.com/wp-content/uploads/2020/01/VOOPOO-VINCI-40W-1500mAh-VW-Mod-image-3.jpg, http://upawndirect.slmodd.com/wp-content/uploads/2020/01/VOOPOO-VINCI-40W-1500mAh-VW-Mod-image-2.png, http://upawndirect.slmodd.com/wp-content/uploads/2020/01/VOOPOO-VINCI-40W-1500mAh-VW-Mod-image-5.jpg",,,,,,,,,0,default,et_left_sidebar,off,on,,,,et_build_from_scratch,,page,,,"[et_pb_split_track id=""5519"" /]",,3,VB|Divi|4.0.11,off,modified
5541,simple,,"JDM - 4pcs universal ABS fender flares",1,0,visible,"<ul>\n 	<li>Place of Origin: Guangdong, China</li>\n 	<li>Brand Name: KOSDA</li>\n 	<li>Type: Aerodynamics</li>\n 	<li>Material: ABS</li>\n 	<li>Application: Universal</li>\n 	<li>Model Number: KD7060</li>\n 	<li>Placement on Vehicle: Left, Right, Front, Rear</li>\n 	<li>Surface Finish: Glossy black. Can be custom painted</li>\n 	<li>Set: 4 pieces</li>\n 	<li>Weight: 720g</li>\n 	<li>Size (Width): 2.75 inch (70mm)</li>\n 	<li>Size (Length): 30.7 inch (780mm)</li>\n 	<li>Size (Height): 18.5 inch (470mm)</li>\n</ul>","[et_pb_section fb_built=""1"" _builder_version=""3.22"" custom_padding=""0px||||false|false""][et_pb_row _builder_version=""3.25"" background_size=""initial"" background_position=""top_left"" background_repeat=""repeat"" width=""100%"" custom_padding=""0px||0px||false|false""][et_pb_column type=""4_4"" _builder_version=""3.25"" custom_padding=""|||"" custom_padding__hover=""|||""][et_pb_wc_breadcrumb _builder_version=""3.0.47""][/et_pb_wc_breadcrumb][et_pb_wc_cart_notice _builder_version=""3.0.47""][/et_pb_wc_cart_notice][/et_pb_column][/et_pb_row][et_pb_row column_structure=""1_2,1_2"" _builder_version=""3.25"" background_size=""initial"" background_position=""top_left"" background_repeat=""repeat"" width=""100%"" custom_padding=""0px||||false|false""][et_pb_column type=""1_2"" _builder_version=""3.25"" custom_padding=""|||"" custom_padding__hover=""|||""][et_pb_wc_title _builder_version=""3.0.47""][/et_pb_wc_title][et_pb_wc_rating _builder_version=""3.0.47""][/et_pb_wc_rating][et_pb_wc_description _builder_version=""3.0.47""][/et_pb_wc_description][et_pb_wc_price _builder_version=""3.0.47""][/et_pb_wc_price][et_pb_wc_add_to_cart _builder_version=""3.0.47""][/et_pb_wc_add_to_cart][/et_pb_column][et_pb_column type=""1_2"" _builder_version=""3.25"" custom_padding=""|||"" custom_padding__hover=""|||""][et_pb_wc_images _builder_version=""3.0.47""][/et_pb_wc_images][et_pb_wc_meta _builder_version=""3.0.47""][/et_pb_wc_meta][/et_pb_column][/et_pb_row][et_pb_row _builder_version=""3.25"" background_size=""initial"" background_position=""top_left"" background_repeat=""repeat"" width=""100%""][et_pb_column type=""4_4"" _builder_version=""3.25"" custom_padding=""|||"" custom_padding__hover=""|||""][et_pb_wc_tabs _builder_version=""3.0.47""] [/et_pb_wc_tabs][et_pb_wc_upsells _builder_version=""3.0.47""][/et_pb_wc_upsells][et_pb_wc_related_products _builder_version=""3.0.47""][/et_pb_wc_related_products][/et_pb_column][/et_pb_row][/et_pb_section]",,,taxable,,1,,,0,0,,,,,1,,,35.00,"PowerSports and Performance Auto > AERO, PowerSports and Performance Auto > JDM Import, PowerSports and Performance Auto, PowerSports and Performance Auto > Universal Parts",,,"http://upawndirect.slmodd.com/wp-content/uploads/2020/01/JDM-4pcs-ABS-fender-flares-image-1.jpg, http://upawndirect.slmodd.com/wp-content/uploads/2020/01/JDM-4pcs-ABS-fender-flares-image-2.jpg, http://upawndirect.slmodd.com/wp-content/uploads/2020/01/JDM-4pcs-ABS-fender-flares-image-5.jpg, http://upawndirect.slmodd.com/wp-content/uploads/2020/01/JDM-4pcs-ABS-fender-flares-image-4.jpg",,,,,,,,,0,default,et_left_sidebar,off,on,,,,et_build_from_scratch,"<img class=""alignnone"" src=""https://sc01.alicdn.com/kf/HTB1LACcKFXXXXXMXXXXq6xXFXXXS/201126907/HTB1LACcKFXXXXXMXXXXq6xXFXXXS.jpg"" width=""640"" height=""258"" />
<div id=""j1e48"">
<h3><span style=""font-size: large"">Description: </span></h3>
<h3><span style=""font-family: Georgia;font-size: medium"">Fitment Universal Fitment (Please make sure to measure vehicle's fenders before purchasing)
Color Polyurethane Black
Material Polyurethane (PU)</span></h3>
<h3><span style=""font-family: Arial, Helvetica;font-size: large"">Dimensions:</span>
<span style=""font-family: Georgia;font-size: medium"">Front: 27 x 12.5 x 3.5
Rear: 30 x 15 x 4.75</span></h3>
<div><span style=""font-family: Arial, Helvetica;font-size: medium""> </span></div>
</div>
<div id=""11djn"" data-spm-anchor-id=""a2700.wholesale.pronpeci14.i8.71235d9b2g6nVD""><b><span style=""font-size: large"">Package:</span></b>
<span style=""font-family: Georgia;font-size: medium"">Installation Instructions Not Included
Package Includes x1 Set of 4 Universal style fender flares</span></div>
<img class=""alignnone"" src=""https://sc02.alicdn.com/kf/HTB1I6bsQFXXXXbrXpXXq6xXFXXXL/201126907/HTB1I6bsQFXXXXbrXpXXq6xXFXXXL.jpg_.webp"" width=""640"" height=""480"" />

<img class=""alignnone"" src=""https://sc01.alicdn.com/kf/HTB10pm.QFXXXXa2XVXXq6xXFXXX1/201126907/HTB10pm.QFXXXXa2XVXXq6xXFXXX1.jpg_.webp"" width=""640"" height=""480"" />

<img class=""alignnone"" src=""https://sc01.alicdn.com/kf/HTB11V2mQFXXXXaeXFXXq6xXFXXXF/201126907/HTB11V2mQFXXXXaeXFXXq6xXFXXXF.jpg_.webp"" width=""640"" height=""480"" />

<img class=""alignnone"" src=""https://sc01.alicdn.com/kf/HTB1gPWHQFXXXXbHaFXXq6xXFXXXo/201126907/HTB1gPWHQFXXXXbHaFXXq6xXFXXXo.jpg_.webp"" width=""640"" height=""480"" />",page,,,"[et_pb_split_track id=""5541"" /]",,3,VB|Divi|4.0.11,off,modified
5557,simple,,"Clear Cam Gear Timing Belt Cover For Supra 1jz 2jz",1,0,visible,"<dl class=""do-entry-item""></dl>\n<dl class=""do-entry-item"">\n 	<dt class=""do-entry-item""><span class=""attr-name J-attr-name"" title=""Place of Origin"">Place of Origin: </span><span style=""font-weight: 500;"">Jiangxi, China\n\n</span></dt>\n 	<dt class=""do-entry-item"">Brand Name: <span style=""font-weight: 500;"">JDMotorsport88\n</span>\nWarranty: <span style=""font-weight: 500;"">1 Years\n</span>\nProduct name: <span style=""font-weight: 500;"">Clear Timing Belt Cover\n</span>\nCar Make: <span style=""font-weight: 500;"">Toyota 1jz 2jz</span></dt>\n 	<dt class=""do-entry-item""><span style=""font-weight: 500;"">\n</span>Material: <span style=""font-weight: 500;"">ABS\n</span>\nColor: <span style=""font-weight: 500;"">Crystal Clear\n</span></dt>\n</dl>\n<dl class=""do-entry-item""></dl>","[et_pb_section fb_built=""1"" _builder_version=""3.22"" custom_padding=""0px||||false|false""][et_pb_row _builder_version=""3.25"" background_size=""initial"" background_position=""top_left"" background_repeat=""repeat"" width=""100%"" custom_padding=""0px||0px||false|false""][et_pb_column type=""4_4"" _builder_version=""3.25"" custom_padding=""|||"" custom_padding__hover=""|||""][et_pb_wc_breadcrumb _builder_version=""3.0.47""][/et_pb_wc_breadcrumb][et_pb_wc_cart_notice _builder_version=""3.0.47""][/et_pb_wc_cart_notice][/et_pb_column][/et_pb_row][et_pb_row column_structure=""1_2,1_2"" _builder_version=""3.25"" background_size=""initial"" background_position=""top_left"" background_repeat=""repeat"" width=""100%"" custom_padding=""0px||||false|false""][et_pb_column type=""1_2"" _builder_version=""3.25"" custom_padding=""|||"" custom_padding__hover=""|||""][et_pb_wc_title _builder_version=""3.0.47""][/et_pb_wc_title][et_pb_wc_description _builder_version=""3.0.47""][/et_pb_wc_description][et_pb_wc_price _builder_version=""3.0.47""][/et_pb_wc_price][et_pb_wc_add_to_cart _builder_version=""3.0.47""][/et_pb_wc_add_to_cart][/et_pb_column][et_pb_column type=""1_2"" _builder_version=""3.25"" custom_padding=""|||"" custom_padding__hover=""|||""][et_pb_wc_rating _builder_version=""3.0.47""][/et_pb_wc_rating][et_pb_wc_images _builder_version=""3.0.47""][/et_pb_wc_images][et_pb_wc_meta _builder_version=""3.0.47""][/et_pb_wc_meta][/et_pb_column][/et_pb_row][et_pb_row _builder_version=""3.25"" background_size=""initial"" background_position=""top_left"" background_repeat=""repeat"" width=""100%""][et_pb_column type=""4_4"" _builder_version=""3.25"" custom_padding=""|||"" custom_padding__hover=""|||""][et_pb_wc_tabs _builder_version=""3.0.47""]					[/et_pb_wc_tabs][et_pb_wc_upsells _builder_version=""3.0.47""][/et_pb_wc_upsells][et_pb_wc_related_products _builder_version=""3.0.47""][/et_pb_wc_related_products][/et_pb_column][/et_pb_row][/et_pb_section]",,,taxable,,1,,,0,0,,,,,1,,,30.00,"PowerSports and Performance Auto > Engine Components, PowerSports and Performance Auto > JDM Import, PowerSports and Performance Auto > Toyota > JZ, PowerSports and Performance Auto, PowerSports and Performance Auto > Toyota",,,"http://upawndirect.slmodd.com/wp-content/uploads/2020/01/JDMotorsports-Timing-Belt-Cover-image-1.jpg, http://upawndirect.slmodd.com/wp-content/uploads/2020/01/JDMotorsports-Timing-Belt-Cover-image-2.jpg, http://upawndirect.slmodd.com/wp-content/uploads/2020/01/JDMotorsports-Timing-Belt-Cover-image-3.jpg",,,,,,,,,0,default,et_left_sidebar,off,on,,,,et_build_from_scratch,"<strong><img class=""alignnone"" src=""https://sc01.alicdn.com/kf/HTB1CqAYaK7EWeJjSZFMq6x00FXaN/230097777/HTB1CqAYaK7EWeJjSZFMq6x00FXaN.jpg_.webp"" width=""820"" height=""820"" /></strong>

<strong>Function:</strong>
1. Can examine if the timing belts are damaged
2. Can detect any broken belts due to oil leakage
3. Improve visibility of engine
4. Reduce difficulty of engine repair
5. Better experience of engine vitality

<strong>Features:</strong>
1. Made of polycarbonate
2. Latest trend in car alteration
3. High-temperature resistant &amp; Corrosion resistant
4. Best recommended for adjustable Cam Pulley user
5. Application:
fit for Toyota Cresta JZX91 1JZ
fit for Toyota Supra JZA70 1JZ
fit for Toyota MarkII JZX81 1JZ

Packing:
1 x Clear Cam cover",page,,,"[et_pb_split_track id=""5557"" /]",,3,VB|Divi|4.0.11,off,modified
5566,simple,,"Toyota 2JZ-GTE OEM 04111-46065 FULL Head Gasket Kit by Soyi Gasket Engineering",1,0,visible,"<strong>TOYOTA 2JZ-GTE OEM 04111-46065 Head Gasket Kit</strong>\n<ul>\n 	<li><strong>Brand Name:</strong> SOYI</li>\n 	<li><strong>Warranty:</strong> 100000 KM</li>\n 	<li><strong>Fitment:</strong> 2JZ GTE</li>\n 	<li><strong>Engine Details:</strong> 24V DOHC</li>\n 	<li><em><strong>[What's  Included? ]</strong></em></li>\n</ul>","<h4>TOYOTA 2JZ-GTE OEM 04111-46065 Head Gasket Kit</h4>\nEngine Cylinder Head Gasket Sets are typically used as part of an entire engine rebuild or when the gasket ""blows"" resulting in leaking oil and antifreeze. These are no small tasks and should be performed by an experienced mechanic or DIY'er",,,taxable,,1,,,0,0,,,,,1,,,50,"PowerSports and Performance Auto > Engine Components, PowerSports and Performance Auto > JDM Import, PowerSports and Performance Auto > Toyota > JZ, PowerSports and Performance Auto, PowerSports and Performance Auto > Toyota",,,http://upawndirect.slmodd.com/wp-content/uploads/2020/01/TOYOTA-2JZ-OEM-image-1.jpg,,,,,,,,,0,default,et_left_sidebar,off,,,,,,,,,,,,,,,
5611,simple,,"DD RACING 40 STEP Coilovers for Honda Civic 92-95 EG Del Sol",1,0,visible,"<ul>\n 	<li><span data-spm-anchor-id=""a2700.details.pronpeci14.i4.27d83b70phzwS2"">40 levels of adjustable damping</span></li>\n 	<li>Made from high quality 6061 aluminum with T6 for increased hardness</li>\n 	<li>Adjustable spring perch for height adjustment</li>\n 	<li>Adjustable body allowing maximum suspension travel</li>\n 	<li>Pillow ball top mount with adjustable camber (not available for some models)</li>\n 	<li>Mono-tube high pressure design reduces oil leakage</li>\n 	<li>Electroplated body for protection from corrosion and rust</li>\n</ul>","[et_pb_section fb_built=""1"" _builder_version=""3.22"" custom_padding=""0px||||false|false""][et_pb_row _builder_version=""3.25"" background_size=""initial"" background_position=""top_left"" background_repeat=""repeat"" width=""100%"" custom_padding=""0px||0px||false|false""][et_pb_column type=""4_4"" _builder_version=""3.25"" custom_padding=""|||"" custom_padding__hover=""|||""][et_pb_wc_breadcrumb _builder_version=""4.1"" body_text_color=""#000000""][/et_pb_wc_breadcrumb][et_pb_wc_cart_notice _builder_version=""4.1"" background_color=""#5CE3F7"" custom_button=""on"" button_text_color=""#5CE3F7""][/et_pb_wc_cart_notice][/et_pb_column][/et_pb_row][et_pb_row column_structure=""1_2,1_2"" _builder_version=""3.25"" background_size=""initial"" background_position=""top_left"" background_repeat=""repeat"" width=""100%"" custom_padding=""0px||||false|false""][et_pb_column type=""1_2"" _builder_version=""3.25"" custom_padding=""|||"" custom_padding__hover=""|||""][et_pb_wc_title _builder_version=""3.0.47""][/et_pb_wc_title][et_pb_wc_description _builder_version=""3.0.47""][/et_pb_wc_description][et_pb_wc_price _builder_version=""4.1"" sale_price_text_color=""#5CE3F7""][/et_pb_wc_price][et_pb_wc_add_to_cart _builder_version=""4.1"" custom_button=""on"" button_text_color=""#5CE3F7""][/et_pb_wc_add_to_cart][/et_pb_column][et_pb_column type=""1_2"" _builder_version=""3.25"" custom_padding=""|||"" custom_padding__hover=""|||""][et_pb_wc_images _builder_version=""3.0.47""][/et_pb_wc_images][et_pb_wc_rating _builder_version=""3.0.47""][/et_pb_wc_rating][et_pb_wc_meta _builder_version=""4.1"" body_text_color=""#5CE3F7""][/et_pb_wc_meta][/et_pb_column][/et_pb_row][et_pb_row _builder_version=""3.25"" background_size=""initial"" background_position=""top_left"" background_repeat=""repeat"" width=""100%""][et_pb_column type=""4_4"" _builder_version=""3.25"" custom_padding=""|||"" custom_padding__hover=""|||""][et_pb_wc_tabs _builder_version=""3.0.47""]					[/et_pb_wc_tabs][et_pb_wc_upsells _builder_version=""3.0.47""][/et_pb_wc_upsells][et_pb_wc_related_products _builder_version=""3.0.47""][/et_pb_wc_related_products][/et_pb_column][/et_pb_row][/et_pb_section]",,,taxable,,1,,,0,0,,,,,1,,850.00,999,"PowerSports and Performance Auto > Honda, PowerSports and Performance Auto > JDM Import, PowerSports and Performance Auto, PowerSports and Performance Auto > Honda > Suspension",,,"http://upawndirect.slmodd.com/wp-content/uploads/2020/01/DD-RACING-Coilovers-del-sol-image-1.jpg, http://upawndirect.slmodd.com/wp-content/uploads/2020/01/DD-RACING-Coilovers-del-sol-image-2.jpg",,,,,,,,,0,default,et_left_sidebar,off,on,,,,et_build_from_scratch,"The DD over system is a 40 damper and rebound adjustable mono-tube full coilover system. The setup has separate height and pre load adjustments allowing for optimal adjustment and allowing full strut travel at all times. Pillow ball upper mounts and top mounts are constructed of 6061 powder coated aluminum. Threads are Teflon coated to prevent rust. Rebuildable and serviceable .

If you have any questions regarding this product, please send us a message prior to purchasing this item.",page,,,"[et_pb_split_track id=""5611"" /]",,3,VB|Divi|4.1,off,modified
5670,simple,,"HOOPET - Elegant Dogs Puppies Beds (Three Color Combos)",1,0,visible,"Type: Pet Beds &amp; Accessories, Elegant Dogs Puppies Beds Lucky Pet Dog Beds Manufacturer Dog Bed\nPlace of Origin: Zhejiang, China\nBrand Name: HOOPET\nModel Number: 17W0006G\nFeature: Eco-Friendly, Stocked\nBed &amp; Accessory Type: Beds\nApplication: Dogs\nItem Type: Beds &amp; Sofas\nWash Style: Mechanical Wash\nPattern: Solid\nMaterial: Faux Fur + polyester, Oxford Farbric\nSize: S M L","<h1>HOOPET - - Pet Dog Bed</h1>\nReversible bed not only for Simple Fresh Fashion Popular Design,\n\nwe are the lead of the trending\n\nthe soft cotton with cozy extremely comfortable feeling, Pet Love it ! also for it's large size for more deeper sleep.\n\nMasters Love it not only for the fashion design,\n\nbut also for the turn over to have a complete new one.\n\nIn addition, it's in Oxford cloth waterproof Scratch proof Chew proof.\n<ul>\n 	<li>New Arrival 4 in 1</li>\n 	<li>Turn over / Reversible bed</li>\n 	<li>4 Style color combinations\n<img class="""" src=""https://sc01.alicdn.com/kf/HTB1o5rdRXXXXXcMXpXXq6xXFXXXE/227260266/HTB1o5rdRXXXXXcMXpXXq6xXFXXXE.jpg_.webp"" width=""485"" height=""485"" />\n<img src=""https://sc02.alicdn.com/kf/UTB8DvQMXDzIXKJkSafVq6yWgXXa8/227260266/UTB8DvQMXDzIXKJkSafVq6yWgXXa8.jpg_.webp"" width=""576"" height=""576"" /></li>\n</ul>\n<table class=""aliDataTable"" style=""height: 565px;"" width=""525"">\n<tbody>\n<tr align=""left"">\n<td style=""width: 53px;"" valign=""center""><span data-spm-anchor-id=""a2700.details.pronpeci14.i13.5b41caf3ooKR7z"">Material</span></td>\n<td style=""width: 456px;"" valign=""center""><strong>Oxford 620D + PP cotton</strong></td>\n</tr>\n<tr align=""left"">\n<td style=""width: 53px;"" valign=""center""><strong>Size</strong></td>\n<td style=""width: 456px;"" valign=""center""><strong>Size S 65*50*20cm </strong>\n\n<strong>Size M 85*70*20cm</strong>\n\n<strong>Size L 110*80*23cm</strong>\n\n&nbsp;\n\n<strong>Size XL: 90 cm x 70 cm x 20 cm</strong>\n\n<strong>• Cushion: 21 cm x 24 cm x 8cm</strong>\n\n<strong>Size XXL: 110 cm x 80 cm x 23 cm</strong>\n\n<strong>• Cushion: 21 cm x 24 cm x 8 cm</strong>\n\n<strong>each with 2 pillows</strong></td>\n</tr>\n<tr align=""left"">\n<td style=""width: 53px;"" valign=""center""><strong>Colors</strong></td>\n<td style=""width: 456px;"" valign=""center"">Beige / brown;\n\ndark brown / light brown;\n\nblack / brown;\n\nblack /gray;</td>\n</tr>\n<tr align=""left"">\n<td style=""width: 53px;"" valign=""center"">Product</td>\n<td style=""width: 456px;"" valign=""center"">Elegant Dogs Puppies Beds Lucky Pet Dog Beds Manufacturer Dog Bed</td>\n</tr>\n</tbody>\n</table>\n<img src=""https://sc01.alicdn.com/kf/UTB81rQyXrPJXKJkSafSq6yqUXXa0/227260266/UTB81rQyXrPJXKJkSafSq6yqUXXa0.jpg_.webp"" width=""576"" height=""576"" /><img src=""https://sc02.alicdn.com/kf/UTB8P1ExXtnJXKJkSaiyq6AhwXXaN/227260266/UTB8P1ExXtnJXKJkSaiyq6AhwXXaN.jpg_.webp"" width=""576"" height=""576"" />\n\n<img src=""https://sc02.alicdn.com/kf/UTB81HQyXrPJXKJkSafSq6yqUXXah/227260266/UTB81HQyXrPJXKJkSafSq6yqUXXah.jpg_.webp"" width=""576"" height=""576"" /><img src=""https://sc01.alicdn.com/kf/UTB8jU7xXpPJXKJkSahVq6xyzFXal/227260266/UTB8jU7xXpPJXKJkSahVq6xyzFXal.jpg_.webp"" width=""576"" height=""576"" />\n\n&nbsp;",,,taxable,,1,,,0,0,,,,,1,,50,75,"Animals and Accessories, Animals and Accessories > Dog > Beds, Animals and Accessories > Dog",,,"http://upawndirect.slmodd.com/wp-content/uploads/2020/02/bed-1.jpg, http://upawndirect.slmodd.com/wp-content/uploads/2020/02/bed-2.jpg, http://upawndirect.slmodd.com/wp-content/uploads/2020/02/bed-5.jpg, http://upawndirect.slmodd.com/wp-content/uploads/2020/02/bed-4.jpg, http://upawndirect.slmodd.com/wp-content/uploads/2020/02/bed-3.jpg",,,,,,,,,0,default,et_no_sidebar,off,,,,,,,,,,,,,,,
5676,simple,,"Majestic scratching post and cheap happy pet cat tree lounge (Tall)",1,0,visible,"Type: Pet Toys, Pet Product\nPlace of Origin: Zhejiang, China\nBrand Name: Tiantian\nModel Number: 15T0027M\nFeature: Eco-Friendly, Stocked\nToys Type: Interactive Toys\nMaterial: sisal rope , plush &amp; flakeboard\nSize: 80x50x173cm\nColor: as pictured\nApplication: Cats","<h2>Cat Scratching Furniture</h2>\nCats love to keep their claws strong, so our selection of cat scratching furniture is the ideal addition to your home if you want to save your own tables and chairs! Choose from classic cat scratching posts to activity centre's that your cat can explore and make their own.\n\n<img src=""https://sc01.alicdn.com/kf/HTB1I1khPpXXXXaAXpXXq6xXFXXXz/227260266/HTB1I1khPpXXXXaAXpXXq6xXFXXXz.jpg_.webp"" width=""750"" height=""310"" data-spm-anchor-id=""a2700.details.pronpeci14.i1.6cd92519UYA6hK"" />\n<h3>Our items: Majestic scratching post and cheap happy pet cat tree</h3>\n<img src=""https://sc01.alicdn.com/kf/HTB1FUfbgvBNTKJjy0Fdq6APpVXaT/227260266/HTB1FUfbgvBNTKJjy0Fdq6APpVXaT.jpg_.webp"" alt=""Majestic scratching post and cheap happy pet cat tree pet products"" width=""750"" height=""750"" data-alt=""Majestic scratching post and cheap happy pet cat tree pet products"" data-width=""751"" data-height=""751"" data-spm-anchor-id=""a2700.details.pronpeci14.i3.6cd92519UYA6hK"" /><img src=""https://sc02.alicdn.com/kf/HTB12uV0RwDqK1RjSZSyq6yxEVXav/227260266/HTB12uV0RwDqK1RjSZSyq6yxEVXav.jpg_.webp"" alt=""Majestic scratching post and cheap happy pet cat tree pet products"" width=""750"" height=""1084.0369393139842"" data-alt=""Majestic scratching post and cheap happy pet cat tree pet products"" data-width=""787"" data-height=""1137"" data-spm-anchor-id=""a2700.details.pronpeci14.i4.6cd92519UYA6hK"" />\n\n&nbsp;",,,taxable,,1,,,0,0,,,,,1,,50,75,"Animals and Accessories, Animals and Accessories > Cat, Animals and Accessories > Cat > Scratch and Lounge",,,"http://upawndirect.slmodd.com/wp-content/uploads/2020/02/cat-1.jpg, http://upawndirect.slmodd.com/wp-content/uploads/2020/02/cat-2.jpg, http://upawndirect.slmodd.com/wp-content/uploads/2020/02/cat-6.jpg, http://upawndirect.slmodd.com/wp-content/uploads/2020/02/cat-5.jpg, http://upawndirect.slmodd.com/wp-content/uploads/2020/02/cat-4.jpg, http://upawndirect.slmodd.com/wp-content/uploads/2020/02/cat-3.jpg",,,,,,,,,0,default,et_no_sidebar,off,,,,,,,,,,,,,,,
5684,simple,,"High quality plain v neck 100% cotton sport men gym fitness t shirt (Ready For Print)",1,0,visible,"Place of Origin: China\nBrand Name: Sage Clothing\nFeature: Sustainable, QUICK DRY, Breathable, Plus Size\nCollar: V-neck\nMaterial: 100% Cotton\nSleeve Style: Short sleeve\nDesign: Blank\nStyle: Casual\nProduct Tags: Men casual sport t shirt\nFabric: 100% Cotton\nSize: S,M,L,XL\nColor: White Black Grey\nLogo: Contact for Customized Logo Printing","<h3><strong>High quality plain v neck 100% cotton sport men gym fitness t shirt</strong></h3>\n<img src=""https://sc01.alicdn.com/kf/HTB1yQrMncLJ8KJjy0Fnq6AFDpXaM/220877691/HTB1yQrMncLJ8KJjy0Fnq6AFDpXaM.jpg_.webp"" alt=""High quality plain v neck 100% cotton sport men gym fitness t shirt"" width=""750"" height=""1234.1772151898736"" data-alt=""High quality plain v neck 100% cotton sport men gym fitness t shirt"" data-width=""750"" data-spm-anchor-id=""a2700.details.pronpeci14.i4.491863bdCd0Lc1"" />\n\n<img src=""https://sc01.alicdn.com/kf/HTB1jCqEnlDH8KJjSspnq6zNAVXa0/220877691/HTB1jCqEnlDH8KJjSspnq6zNAVXa0.jpg_.webp"" alt=""High quality plain v neck 100% cotton sport men gym fitness t shirt"" width=""750"" height=""1068.0379746835445"" data-alt=""High quality plain v neck 100% cotton sport men gym fitness t shirt"" data-width=""750"" data-spm-anchor-id=""a2700.details.pronpeci14.i5.491863bdCd0Lc1"" />\n\n*All details can be designed or changed according to buy's requirements\n* Welcome to supply samples to develop or manufacture new products\n* Color, size, and style are available.\n* With high quality, competitive price, prompt delivery and good service.\n\n&nbsp;\n\n<strong>If you have any question or doubt, please feel free to contact us</strong>\n<table border=""1"">\n<tbody>\n<tr>\n<td> <strong>Product Type:</strong></td>\n<td> High quality plain v neck 100% cotton sport men gym fitness t shirt</td>\n</tr>\n<tr>\n<td><strong>Material:</strong></td>\n<td> 100% cotton</td>\n</tr>\n<tr>\n<td><strong>Size:</strong></td>\n<td> S---XL or as customer's requests</td>\n</tr>\n<tr>\n<td><strong>Color:</strong></td>\n<td> Black,White,Grey</td>\n</tr>\n</tbody>\n</table>",,,taxable,,1,,,0,0,,,,,1,,,10.00,"Clothing and Apparel, Clothing and Apparel > Men's Gear, Clothing and Apparel > Men's Gear > V Neck Shirts",,,"http://upawndirect.slmodd.com/wp-content/uploads/2020/02/cotton-vneck-1.jpg, http://upawndirect.slmodd.com/wp-content/uploads/2020/02/cotton-vneck-2.jpg, http://upawndirect.slmodd.com/wp-content/uploads/2020/02/cotton-vneck-3.jpg, http://upawndirect.slmodd.com/wp-content/uploads/2020/02/cotton-vneck-4.jpg",,,,,,,,,0,default,et_no_sidebar,off,,,,,,,,,,,,,,,
5690,simple,,"Sugar Skull Leggings Multi-Color/Multi-Size PolySpandex Yoga waist Pants",1,0,visible,"Brand Name: Sunshine Garment\nModel Number: YA18009\nMaterial: Spandex / Polyester\nFeature: Breathable, Yummy\nPattern Type: Sugar skull\nWaist Type: High\nStyle:Casual\nFabric Type:Knitted\nWaistband: 1"" regular waist, 3"" yoga waist, high waist\nPrint: Sublimation Digital Print, waterprint\nFabric: 92% polyester 8% spandex milk silk fabric\nSize: kids S/M, kids L/XL, One size, plus size\nPocket: 3 inches at the waistband","Brand Name: Sunshine Garment\nModel Number: YA18009\nMaterial: Spandex / Polyester\nFeature: Breathable, Yummy\nPattern Type: Sugar skull\nWaist Type: High\nStyle:Casual\nFabric Type:Knitted\nWaistband: 1"" regular waist, 3"" yoga waist, high waist\nPrint: Sublimation Digital Print, waterprint\nFabric: 92% polyester 8% spandex milk silk fabric\nSize: kids S/M, kids L/XL, One size, plus size\nPocket: 3 inches at the waistband",,,taxable,,1,,,0,0,,,,,1,,,10.00,"Clothing and Apparel > Women's Gear > Leggings, Clothing and Apparel > Women's Gear",,,"http://upawndirect.slmodd.com/wp-content/uploads/2020/02/sugarskull-leggings-1-main.jpg, http://upawndirect.slmodd.com/wp-content/uploads/2020/02/sugarskull-leggings-3.jpg, http://upawndirect.slmodd.com/wp-content/uploads/2020/02/sugarskull-leggings-4.jpg, http://upawndirect.slmodd.com/wp-content/uploads/2020/02/sugarskull-leggings-5.jpg",,,,,,,,,0,default,et_no_sidebar,off,,,,,,,,,,,,,,,
5698,simple,,"Racing Simulator Sit and Play Station",1,0,visible,"Place of Origin: Zhejiang, China\nBrand Name: JBR\nModel Number: 1012\nType: Racing Seat, Sport Seat\nColor: black, yellow, blue, red, gray\nSTYLE: adjustable\nWeight: 32KGS/pair\nRails: single slider","<img class=""magic-10"" src=""https://sc01.alicdn.com/kf/He097cef582bd49a08d7810aa56637e86C/200243251/He097cef582bd49a08d7810aa56637e86C.jpg_.webp"" data-spm-anchor-id=""a2700.wholesale.pronpeci14.i4.11d67091kWsiYb"" />\n\n<img class=""magic-10"" src=""https://sc01.alicdn.com/kf/H7011bb21b2834ddf90be78c8bb6d3285D/200243251/H7011bb21b2834ddf90be78c8bb6d3285D.jpg_.webp"" data-spm-anchor-id=""a2700.wholesale.pronpeci14.i5.11d67091kWsiYb"" /><img class=""magic-10"" src=""https://sc02.alicdn.com/kf/Hbb2d76ad2d17455da12e6be45ea4aba7T/200243251/Hbb2d76ad2d17455da12e6be45ea4aba7T.jpg_.webp"" data-spm-anchor-id=""a2700.wholesale.pronpeci14.i0.11d67091kWsiYb"" />\n\n<img class=""magic-10"" src=""https://sc01.alicdn.com/kf/H8dd7be95108f4828a168f77c2e952bd4N/200243251/H8dd7be95108f4828a168f77c2e952bd4N.jpg_.webp"" data-spm-anchor-id=""a2700.wholesale.pronpeci14.i6.11d67091kWsiYb"" /><img class=""magic-10"" src=""https://sc02.alicdn.com/kf/He1109df727d34a6d962727d8e867b656H/200243251/He1109df727d34a6d962727d8e867b656H.jpg_.webp"" data-spm-anchor-id=""a2700.wholesale.pronpeci14.i1.11d67091kWsiYb"" />\n\n&nbsp;\n\n&nbsp;",,,taxable,,1,,,0,0,,,,,1,,,150.00,"Gaming Stations, Gaming Stations > Racing Simulator",,,"http://upawndirect.slmodd.com/wp-content/uploads/2020/02/race-sim-setup-1-scaled.jpg, http://upawndirect.slmodd.com/wp-content/uploads/2020/02/race-sim-setup-2.jpg, http://upawndirect.slmodd.com/wp-content/uploads/2020/02/race-sim-setup-3.jpg",,,,,,,,,0,default,et_no_sidebar,off,,,,,,,,,,,,,,,
5703,simple,,"Rc Car 2.4G Drift 80km/h HSP 94123 Rc Car",1,0,visible,"<div>Brand Name: HSD CHIGIFT\nModel Number: 94123\nPlastic Type: ABS\nType: CAR\nMaterial: Plastic\nPower: MAH Battery\nRadio Control Style: RC Hobby\nScale: 1:10\nTop Speed: 80km/h\nScale: 1/10\nPower: Battery\nStyle: Radio Control Toy</div>\n<div></div>","<h4><span data-spm-anchor-id=""a2700.details.pronpeci14.i0.7db57224nT64Sc"">Hot selling Electric RC Car 2.4G Drift 80km/h HSP 94123 RC Car </span></h4>\n<div><strong>Specifications</strong>:\nLength: 360mm\nWidth: 200mm\nHeight: 112mm\nWheelbase: 260mm\nTrack: 195mm(F/R)\nGear Ratio:6.52:1\nGround clearance: 4.5mm\nWeight: Approx.1350g\nWheel: 65mm(Diameter),26mm(Width)\nMotor: RC540\nBattery: 7.2V 1800/2000mAH(Ni-MH)1.Four wheel drive system\n2.Excellent front/rear camber and toe-in setup\n3.Powerful RC 540 motor\n4.Anodized aluminum center long drive shaft\n5.High performance front/rear differentials\n6.Stable suspension arms &amp; solid front/rear shock tower\n7.Oil filled aluminum capped shocks\n8.Precise steering fitting delivers quick response.\n9.High precision SP03018 electronic speed control(ESC)\n10.Complete ball bearings for a smooth and an efficient drive\n11.High performance anti-skid drift tires,chrome plated spoke rims &amp; pre-mounted drift wheels\n12.7.2V 1800mAh Ni-MH battery power\n13.Extra large front bumper foam provides protection against sudden impacts\n\n</div>\n<div><img src=""https://sc01.alicdn.com/kf/HTB1zh89HVXXXXaNXpXXq6xXFXXXH/200222325/HTB1zh89HVXXXXaNXpXXq6xXFXXXH.jpg_.webp"" alt=""Hot selling Electric Rc Car 2.4G Drift 80km/h HSP 94123 Rc Car"" width=""642"" height=""354"" data-alt=""Hot selling Electric Rc Car 2.4G Drift 80km/h HSP 94123 Rc Car"" data-spm-anchor-id=""a2700.details.pronpeci14.i1.7db57224nT64Sc"" /></div>\n<div><img src=""https://sc01.alicdn.com/kf/HTB1EfR1HVXXXXbhXFXXq6xXFXXXu/200222325/HTB1EfR1HVXXXXbhXFXXq6xXFXXXu.jpg_.webp"" alt=""Hot selling Electric Rc Car 2.4G Drift 80km/h HSP 94123 Rc Car"" width=""642"" height=""482"" data-alt=""Hot selling Electric Rc Car 2.4G Drift 80km/h HSP 94123 Rc Car"" data-spm-anchor-id=""a2700.details.pronpeci14.i2.7db57224nT64Sc"" /></div>\n<div><img src=""https://sc01.alicdn.com/kf/HTB1RwlQHVXXXXX4XVXXq6xXFXXXE/200222325/HTB1RwlQHVXXXXX4XVXXq6xXFXXXE.jpg_.webp"" alt=""Hot selling Electric Rc Car 2.4G Drift 80km/h HSP 94123 Rc Car"" width=""642"" height=""404"" data-alt=""Hot selling Electric Rc Car 2.4G Drift 80km/h HSP 94123 Rc Car"" data-spm-anchor-id=""a2700.details.pronpeci14.i3.7db57224nT64Sc"" /></div>\n<div></div>",,,taxable,,1,,,0,0,,,,,1,,,175.00,"RC Cars, RC Cars > Starter Kits",,,"http://upawndirect.slmodd.com/wp-content/uploads/2020/02/hsd-rc-car-1.jpg, http://upawndirect.slmodd.com/wp-content/uploads/2020/02/hsd-rc-car-5.jpg, http://upawndirect.slmodd.com/wp-content/uploads/2020/02/hsd-rc-car-4.jpg, http://upawndirect.slmodd.com/wp-content/uploads/2020/02/hsd-rc-car-2.jpg, http://upawndirect.slmodd.com/wp-content/uploads/2020/02/hsd-rc-car-1.jpg, http://upawndirect.slmodd.com/wp-content/uploads/2020/02/hsd-rc-car-6.jpg",,,,,,,,,0,default,et_no_sidebar,off,,,,,,,,,,,,,,,
